,Tag
0,"['搞笑', '实况攻略', '娱乐', '黄金矿工', '游戏实况', '日常', '奇葩', '逗比', '沙雕', '杜海皇']"
1,"['手工', '羊角灯', '非物质文化遗产', '蓝染']"
2,"['试吃', '吃货', '美食', '搞笑', '幽默', '日常', '生活', '沙雕', '天价']"
3,"['动漫杂谈', '动画', '国产动画', '陈拾', '丘神纪', '猫爷']"
4,"['中国风', '超级英雄', '原创', '特效', '朱铁雄式国风变装', '2022', '合集', '国风合伙人']"
5,"['摄影', 'vlog', '搞笑', '生活', '生活记录', '花絮', '羊村', '小潮院长', '小潮team', '2022搞笑年度盛典']"
6,"['刘扬扬', '黄冠亨', '肖俊', 'TEN', '钱锟', '董思成', '威神V', 'MV', 'WayV']"
7,"['家居', '手工', '数码', '智能', '科技', '花洒']"
8,"['李健', '明星', '励志', '经典', '娱乐', '人生', '正能量', '生活', '余华']"
9,"['华语MV', 'MV', '必看', '感动', '小度', '青年', '年底']"
10,"['甜品', '4K', '美食侦探', '吃货', '美食', '土豪', '体验', 'JoeJoe', '卡塔尔']"
11,"['春晚', '小品', '新年', '2022搞笑年度盛典']"
12,"['原神', '手机游戏', '神里绫人', '米哈游', 'miHoYo']"
13,"['手工', '龙井虾仁', '泡脚盆']"
14,"['模仿', '鲁迅', '阿Q', '阿Q正传', '老电影', '语文']"
15,"['武器', '模型制作', '模型', '手工', 'DIY', '必剪创作', '制作', '教程', '圆规']"
16,"['财经', '职场', '生活', '学习', '情感', '爱情', '人生', '魔幻', '商业', '社科人文分享官·第二期']"
17,"['生物', '科学', '科普', '鉴定', '平台', '万物研究所·2022第六期']"
18,"['豆豆的康复生活', '脑瘫康复']"
19,"['搞笑', '原创', '搞笑视频', '段子', '2022搞笑年度盛典']"
20,"['影视杂谈', '搞笑', '国产电影', '电影', '爆笑', '吐槽', '烂片', '电影盘点', '金菊花', '随手拍·3分钟影评大赛']"
21,"['SEVENTEEN', '综艺', '韩国', '特辑', '寒假', 'K-Pop', 'GOING SEVENTEEN']"
22,"['上海', '探店', '美食', 'vlog', '搞笑', 'Vlog我的探店笔记', '生活', '美食圈', '烤肉', '日常', '城市美食名片集合']"
23,"['喵星人', '萌宠', '小奶猫', '猫德学院', '高空救助', '流浪猫', '田园猫', '动物观察局16.0·冬日暖心计划']"
24,"['一人之下', '原创歌曲', '说唱', '道诡异仙', '原创音乐', '歌曲', '李火旺', '坐忘道']"
25,"['明凯', 'EDG', '英雄联盟', '电子竞技', '厂长', '777', 'Clearlove']"
26,"['民谣', '国风音乐', '摇滚', '原创歌曲', '电音', '说唱', '音游', '音乐游戏', '原创', '国风', '赛事', '征集', '哔需原创音乐挑战赛']"
27,"['王鹤棣', '苍兰诀', '东方青苍', '宁缺', '肖铎', '将夜2', '浮图缘']"
28,"['冬泳怪鸽', '奥利给', '人文', '科普', '人物', '励志', '朝阳冬泳怪鸽', '记录', '宝藏up', '社科人文分享官·第二期']"
29,"['绘画', '搞笑', '幽默', '搞笑动画', '动画', '原创', '一分钟扬名B站-第四期']"
30,"['火影忍者手游', '手机游戏', '手游']"
31,"['汽车', '现场', '事故', '安全', '西藏', '隔离', '逃逸', '悬崖', '回家']"
32,"['德语', '德国', '人文', '美食', '搞笑', '美食制作', '生活', '文化差异', '红烧牛肉面', '生日']"
33,"['家常菜', '美食', '搞笑', '美食制作', '料理制作', '小潮', '深夜食堂', '美食vlog', '小潮院长']"
34,"['烧烤', '美食', '生活记录', 'Vlog']"
35,"['原神', '搞笑', '手机游戏', '憨豆先生', '娱乐', '憨豆特工', '公子', '游戏', '钟离']"
36,"['戏曲', '人文', '文化', '鹏鹏', '老艺术家', '传统戏法']"
37,[]
38,"['刘慈欣', '三体', '搞笑', '罗辑', '三体人', '三体动画']"
39,"['春晚', '搞笑', '必剪创作', '预测春晚', '春节', '2023', '2022搞笑年度盛典']"
40,"['直播', '直播带货', '暗访', '调查', '造假', '诈骗', '老人', '卖惨', '农村老人']"
41,"['小吃', '吃货', '美食', '酸辣粉', '美食制作', '酸辣拌面', '酸辣汤面']"
42,"['情侣', '搞笑', '日常']"
43,"['面包', '吃货', '日本', '美食', '芝士', '料理', '美食制作', '日本美食', '办公室', '社长']"
44,"['搞笑', '必剪创作', '高能', '生活', '逗比', '魔性', '吐槽', '小学生', '沙雕', '2022搞笑年度盛典']"
45,"['汪星人', '萌宠', '动物圈达人创作营', '动物观察局16.0·冬日暖心计划']"
46,"['相机', '摄影', '人文', 'vlog', '正能量', '盲人']"
47,"['茄子', 'CS:GO', '桌游棋牌', '搞笑', '电子竞技', '精彩集锦', '娱乐', 'CSGO', '沙雕']"
48,"['颜值', '小姐姐', '2022搞笑年度盛典']"
49,"['布偶猫', '喵星人', '萌宠', '猫咪', '猫咪消防员', '领养代替购买', '救助', '坠楼', '和猫住', '救助流浪猫', '动物观察局16.0·冬日暖心计划']"
50,['校园星发现4.0']
51,"['绘画', '可爱']"
52,"['东方', '我的世界', '烂苹果', 'minecraft', 'bad apple', 'mc']"
53,"['春晚', '小品', '配音', '搞笑', '新冠', '奥密克戎', '干饭株', '阳过', '抗原', '2022年终动画盛典']"
54,"['搞笑', '原创', '日常', '逗比', '娱乐', '恶作剧', '记录', '沙雕', '打脸', '真香']"
55,"['电影解说', '经典电影', '治愈', '高分电影', '完美的世界', '2022影娱年终大盘点']"
56,['搞笑']
57,"['手书', '原神', '鸣神组', '原神手书', '八重神子', '雷电将军']"
58,"['明日方舟', '手机游戏']"
59,"['第五人格', '手机游戏', '音乐', '演绎之星']"
60,"['APEX英雄', '吃鸡', '游戏加速器', '免费', '加速器', '演示视频', '永久', 'apex', '免费加速器', 'apex英雄', '极狐']"
61,"['露营', '骑行']"
62,"['粤语', '搞笑', '高能', '生活', '广东', '郭嘉峰', '南北差异', '粤知一二', '2022搞笑年度盛典']"
63,"['SEULGI', '音乐现场', 'KAI', 'SMTOWN', 'Stage Video', '温差', 'KARINA', 'JENO', 'Hot & Cold']"
64,"['vlog', '搞笑', '娱乐', '生活', '桌游', '沙雕', '羊村', '小潮院长', '小潮team', '2022搞笑年度盛典']"
65,"['手工', 'DIY', '创意', '小技巧', '高能', '制作', '开锁', '生活小妙招', '火柴', '一起做手工吧！3.0']"
66,"['张杰', '原创歌曲', '火影忍者手游', '火影忍者', '火影忍者手游七周年']"
67,"['搞笑', '鲤鱼', '你好邻居', 'hello neighbor']"
68,"['警察', '疫情']"
69,"['vlog', '奇葩', '幽默', '原创', '生活记录', '生活', '吐槽', '记录', '搬家', '2022搞笑年度盛典']"
70,"['短片', '犯罪', '高能', '社会', '小剧场年末限时赛', '高校', '禁毒', '电子烟', '学生']"
71,"['火锅', '歪果仁', '高能', '2022搞笑年度盛典']"
72,"['小吃', '厨艺', '美食', '美食教程', '小丸子', '章鱼', '生活', '章鱼烧', '路边摊', '章鱼大丸子']"
73,"['红烧肉', '家常菜', '美食', '肉', '美食教程', '美食制作', '学做美食', '肉食', '年夜饭', '简单易学']"
74,"['综艺', '喜剧', '吐槽', '一年一度喜剧大赛', '少爷和我', 'lex', 'lexburner']"
75,"['蛋炒饭', '炒饭', '烹饪', '厨艺', '美食', '美食制作', '美食教程', '美味']"
76,"['平价零食', '零食', '试吃', '美食', '自制', '生活', '美食圈', '大数据零食', '美食测评', '零食测评']"
77,['时代少年团']
78,"['航母', '战斗机', '军事科技', '武器', '星海', '科普', '搞笑', '军事', '鉴定']"
79,"['蜡笔小新', '鬼畜剧场', '鬼畜', '搞笑', '高能', '动画', '任何邪恶终将绳之以法', '抽象', '昊京']"
80,"['MMD', '原神', 'MMD.3D', '枫原万叶', '空', '温迪', '流浪者', '魈', '风男', '鹿野院平藏']"
81,"['三体', 'Cosplay', '2022时尚年度盘点']"
82,[]
83,"['吴京', '搞笑', '战狠', '任何邪恶终将绳之以法', '昊京', '沙雕视频']"
84,"['绘画', '原创', '高能', '创意', '拟人', '生活记录', '可爱', '脑洞', '画画', '治愈系', '随便画画3.0']"
85,"['搞笑配音', '同人配音', '野生动物']"
86,"['李帝努', '金钟仁', '音乐现场', '明星', '柳智敏', '涩琪']"
87,"['婚礼', '奥特曼', '特摄', '搞笑', '浪漫', '迪迦']"
88,"['新冠', '热血', '免疫系统', '高端局']"
89,"['影视杂谈', '搞笑', '高能', '吐槽', '杂谈', '国潮甬动', '沙雕', '名场面', '阅片无数', '凉风Kaze']"
90,"['游戏手机', '数码', '评测', '红魔', '红魔8Pro+', '红魔8Pro', '科技猎手计划·2022第五期']"
91,"['婚礼', '爱情', '生活记录', '情感', '婚姻', '记录']"
92,"['高考', '考试', '校园', '物理', '知识', '学习', '高中生', '高中', '学生', '校园学习']"
93,"['加拿大', '情感', '生活记录', '快乐', '记录', '海外出行达人征集令二期']"
94,"['原神', '搞笑', '游戏', '娱乐', '萌新旅行者的提瓦特游记', '来局原神七圣召唤吗', '分享我的原神搞笑时刻']"
95,"['元歌', '王者荣耀', '搞笑', '电子竞技', '手机游戏', '赵怀真']"
96,"['冰淇淋', '地理', '英语', '历史', '人文', '科普', '圣诞节', '文化']"
97,"['我的世界', '沙盒游戏', '单机游戏', '全程高能', 'minecraft', '宝藏猎人', '沙雕', '生存挑战', 'mc']"
98,"['SNL', '综艺', '搞笑', '必剪创作', '韩国综艺', '中文字幕', '喜剧', '爆笑', 'SNLKOREA', '蔡秀彬']"
99,"['手书', '动画短片', '绘画', '原神', '手机游戏', '恋爱', '二次元', '八重神子', '雷电将军']"
